{"_timestamp":1.7288891580964134e+09,"_runtime":3.0458695,"_step":7,"_wandb":{"runtime":3},"acc":0.8617806451361497,"loss":0.14762410331903708}